customer_id,customer_name,customer_email,customer_phone,customer_age,customer_gender
CUST-0001,Amy York,cwilliams@example.com,965-684-1291x532,49,Male
CUST-0002,Susan Mullins,washingtonscott@example.net,+1-941-624-9917x208,31,Male
CUST-0003,Kathryn Blake,anita24@example.com,(421)618-5260x93595,69,Female
CUST-0004,Tammy Huffman,jennifer07@example.net,251.535.9063,45,Male
CUST-0005,Michelle Martinez,jasonchase@example.net,001-325-720-9926x1756,42,Male
CUST-0006,Brandon Brown,charlesrichardson@example.com,(315)497-1969,38,Female
CUST-0007,Taylor Rodriguez,nparker@example.com,(544)801-3237x28904,22,Male
CUST-0008,Keith Alexander,ymorales@example.com,001-423-881-1316x186,33,Male
CUST-0009,Alison Weaver,davisthomas@example.com,001-544-239-4265x14477,79,Male
CUST-0010,Helen Durham,agreen@example.net,+1-936-945-8982x295,54,Male
CUST-0011,Ronald Ballard,christina11@example.net,295-899-8292x92614,52,Male
CUST-0012,Mr. Matthew Mann,richardthompson@example.net,807.330.3459x350,53,Female
CUST-0013,Veronica Gallegos,paulherrera@example.net,(937)200-5077x8949,39,Female
CUST-0014,Kim Houston,matthew58@example.net,001-457-531-6434x4987,34,Female
CUST-0015,Bob Ramirez,johnsonjeremy@example.org,001-780-256-1838x16901,19,Male
CUST-0016,Kimberly Hines,mwilliams@example.org,001-248-930-1318x02139,60,Male
CUST-0017,Sharon Davis,jonesdavid@example.com,(268)444-0561x45628,63,Male
CUST-0018,Mitchell Rivera,khernandez@example.org,764.227.0293,40,Female
CUST-0019,Jill Johnson,claudia14@example.com,366.972.7453,26,Male
CUST-0020,Sonya Oliver,froberson@example.net,8263619328,29,Female
CUST-0021,Jeremy Rasmussen,mcguireashley@example.com,001-893-568-9342x11071,50,Female
CUST-0022,Kimberly Buchanan,averylinda@example.org,394-759-3509x792,22,Male
CUST-0023,Chloe Hartman,becky65@example.net,561-291-9718,34,Female
CUST-0024,Lindsay Vasquez,zacharygardner@example.net,001-999-666-3251x87110,64,Male
CUST-0025,Kim Huang,savannahbryant@example.net,(960)974-5822x925,68,Female
CUST-0026,Courtney Hart,sally38@example.org,462-964-6727x718,31,Male
CUST-0027,Dwayne Aguilar,dlawson@example.com,001-814-999-3386x0838,66,Female
CUST-0028,Judith Johnson,lindseyfreeman@example.com,672-235-5536,20,Male
CUST-0029,Cheryl Martinez,melissa53@example.org,631-601-5955,54,Male
CUST-0030,Margaret Bell,amber33@example.net,001-915-357-1859,52,Male
CUST-0031,Donald Brown,michael58@example.net,-4310,35,Male
CUST-0032,Jose Whitaker,fking@example.org,(232)528-6273,59,Male
CUST-0033,Carlos Villarreal,mgonzalez@example.com,573.236.9552,64,Male
CUST-0034,Dorothy Gibbs,james98@example.net,001-986-849-0826x422,39,Female
CUST-0035,Sonya Bentley,michael97@example.net,(256)463-0025x0856,38,Male
CUST-0036,Renee Walker,nfoster@example.net,9667785447,25,Male
CUST-0037,Brandy Beard,hayden78@example.com,613.797.2389,57,Male
CUST-0038,George Bennett,jordanamy@example.net,(512)472-8718x22882,49,Female
CUST-0039,Gina Harper,kirkmichael@example.org,841-753-0726,68,Male
CUST-0040,Daniel Clark,troy39@example.org,(481)586-8059x95736,40,Female
CUST-0041,Lindsay White,robin71@example.org,604.776.3334,26,Female
CUST-0042,Michael Sutton,james81@example.com,001-334-424-2459x117,78,Female
CUST-0043,Thomas Miranda Jr.,millerstephanie@example.org,001-860-781-3537x3953,79,Male
CUST-0044,Roger Mitchell,jessica70@example.net,624.459.6536,45,Female
CUST-0045,Mark Pham,bryananderson@example.org,001-783-694-4793x4463,33,Female
CUST-0046,Christina Wallace,allenhannah@example.com,001-454-738-6113x9895,52,Female
CUST-0047,Austin Suarez,mlopez@example.net,416.362.8272x19861,64,Male
CUST-0048,Margaret Lopez,mwilson@example.net,573-524-2909,72,Male
CUST-0049,Howard Herrera,timothytorres@example.org,001-572-479-5890x91118,20,Male
CUST-0050,Amanda Prince,nkaiser@example.org,001-211-838-1739x12039,47,Female
CUST-0051,Donna Evans,tanner38@example.net,+1-822-343-9638x1027,70,Female
CUST-0052,Christopher Wyatt,reedbrittney@example.net,+1-640-548-4871x89352,31,Male
CUST-0053,Samantha Campbell,hannah43@example.com,(714)652-0279x58190,50,Male
CUST-0054,Kathleen Roberts,garymoran@example.com,(365)393-4395x3709,77,Female
CUST-0055,Amanda Blevins,stephanie48@example.org,+1-528-984-9650x3588,22,Female
CUST-0056,Sheila Adams,racheljohnson@example.net,673.896.5777,78,Male
CUST-0057,Mark Warner,markpage@example.org,886-628-9895,23,Male
CUST-0058,Carrie Miller,suttonjeffrey@example.net,809.238.5369x97071,48,Female
CUST-0059,Paul Mcclure,camposbrittany@example.net,(627)800-9818,55,Female
CUST-0060,Kathryn Deleon,hamptonamanda@example.com,841.602.6942x51415,26,Male
CUST-0061,Gerald King,lindsay77@example.com,(798)993-8340,34,Female
CUST-0062,Anna Howe,fritzdenise@example.org,001-208-236-3819x201,18,Female
CUST-0063,Wesley Newman,rickyflores@example.net,2484723846,43,Female
CUST-0064,Heather Duke,obowman@example.net,924-463-3514,62,Male
CUST-0065,Amanda Wells,jane16@example.com,(781)761-5951x510,30,Male
CUST-0066,Pamela Hernandez,chanpaul@example.net,001-474-756-6455,46,Female
CUST-0067,Sheila Luna,watsonlawrence@example.net,(664)949-2857,35,Male
CUST-0068,Diana Carter DDS,ksanders@example.net,639.750.4822,19,Male
CUST-0069,Joseph Mcgee,helen09@example.org,+1-837-887-2496x87765,50,Male
CUST-0070,Taylor Reed,elizabeth29@example.com,001-689-291-2391x34229,71,Female
CUST-0071,Brittany Smith,terrybecky@example.com,001-586-217-1572x590,73,Female
CUST-0072,Andrew Davis,holly87@example.com,(671)252-9194x3169,45,Female
CUST-0073,Amy Maynard,tammiejohnson@example.net,475.773.7303,20,Male
CUST-0074,Kimberly Estrada,james63@example.org,790-938-2885,43,Female
CUST-0075,Kaitlyn Brown,jonesaaron@example.org,001-947-596-8559x740,80,Female
CUST-0076,Nancy Fletcher,johnbailey@example.org,001-567-476-6050x78663,34,Female
CUST-0077,Katherine Griffith,ronald96@example.org,(663)456-0077x8629,27,Male
CUST-0078,Cheryl Mercer,jacqueline39@example.com,607.898.9240,50,Male
CUST-0079,Heather Campos,maryorr@example.net,2093656738,63,Male
CUST-0080,William Wu,richard30@example.com,+1-929-376-4538x894,67,Male
CUST-0081,Joel Roman,nmalone@example.org,(299)498-6184,28,Male
CUST-0082,John Hill,amanda60@example.net,(914)338-9092,37,Male
CUST-0083,John Miles,vthompson@example.org,5608323081,23,Male
CUST-0084,Matthew Atkins,gthompson@example.net,001-999-747-6921x8881,52,Female
CUST-0085,Zachary Rich,lindaboyd@example.net,984-342-9498x5629,24,Male
CUST-0086,Rebecca Hughes,brentsmith@example.com,001-312-811-5035x765,68,Female
CUST-0087,Heather Hampton,rileyadam@example.com,(518)958-5537,66,Female
CUST-0088,Barry Hayes,gregorybrown@example.org,+1-869-507-3375x836,69,Female
CUST-0089,Terry Norris,rebeccamartinez@example.net,001-363-657-4236x28956,45,Male
CUST-0090,Angela Mcfarland,eduardosimpson@example.net,280.536.1634x674,56,Female
CUST-0091,Matthew Rivas,hollymason@example.org,330.711.2034,35,Female
CUST-0092,Jessica Johnston,grosslisa@example.org,527-696-1420,72,Male
CUST-0093,Christopher Alexander,andersonbrandon@example.com,9708203950,26,Male
CUST-0094,Christopher King,angelastanton@example.net,001-632-718-9401x932,43,Female
CUST-0095,Natasha Welch,gutierrezjoshua@example.org,869.991.2308,24,Male
CUST-0096,Destiny May,owillis@example.com,920.678.5250,69,Male
CUST-0097,David Vazquez,holly97@example.org,483-232-4305x887,46,Female
CUST-0098,Daniel Johnson,jramirez@example.com,(759)546-4133x89298,47,Male
CUST-0099,Kristin Rhodes,brian11@example.org,001-287-962-8921x9566,54,Female
CUST-0100,Charles Gray,wendyhernandez@example.com,(585)399-4615,66,Male
CUST-0101,Michael Rodriguez,qbradley@example.net,742.414.0127x933,78,Male
CUST-0102,Robin Moran,ljones@example.com,393-426-9826x1038,65,Female
CUST-0103,Maria Potts,amysmith@example.net,583.772.4365,64,Male
CUST-0104,Sean Nunez,craigwaters@example.org,5972442618,72,Male
CUST-0105,Mark Gomez,steven97@example.net,+1-621-836-8166x9257,18,Female
CUST-0106,Daniel Howard,joseph01@example.net,990.874.8643x9524,64,Female
CUST-0107,Jeremy Montgomery,brookskristen@example.com,+1-558-707-8436x3187,59,Male
CUST-0108,Zachary Cox,nunezjoshua@example.net,001-277-711-4682x68063,66,Male
CUST-0109,Janet Clark,sara10@example.org,+1-247-879-9223x5603,79,Female
CUST-0110,Nicole Woods,benjaminjulie@example.net,+1-352-687-4998x70181,63,Female
CUST-0111,Joseph Cooper,bradgallegos@example.org,288-672-8533x931,51,Female
CUST-0112,Christopher Nelson,jay52@example.com,(408)486-0299x90212,18,Male
CUST-0113,Darren Austin,qshaw@example.com,2668057892,79,Female
CUST-0114,Angela Arroyo,christiansummers@example.com,202-927-5236x089,36,Male
CUST-0115,Christina Peterson,jacquelinejordan@example.net,001-706-602-2949x83316,53,Female
CUST-0116,Sharon Shaw,owilcox@example.net,751.994.5616,37,Female
CUST-0117,David Lynch,iwilson@example.org,9219659144,64,Male
CUST-0118,Jacob Ferrell,davidlarson@example.net,719.708.9980x04167,21,Female
CUST-0119,Jennifer Young,cooperamanda@example.com,(676)534-2774,75,Male
CUST-0120,Luis Johnson,rfowler@example.net,254.766.6324,34,Male
CUST-0121,Michael Hernandez,patrickadams@example.com,977-749-9965x865,32,Male
CUST-0122,Kayla Davidson,zclark@example.net,(890)280-0217x3850,49,Female
CUST-0123,Cynthia Miller,zpacheco@example.org,(392)359-0203,61,Male
CUST-0124,Catherine Clark,megancox@example.net,4223648681,66,Male
CUST-0125,Michael Cruz,perkinskevin@example.org,(591)248-6003,65,Male
CUST-0126,Brian Huynh,kathleengutierrez@example.org,535-372-7835x2994,48,Female
CUST-0127,Margaret Mcdaniel,srogers@example.net,(950)922-9439,43,Female
CUST-0128,Leslie Smith,carrie21@example.org,298-974-8435x2812,61,Female
CUST-0129,Donna Mitchell,ihaley@example.org,676-515-3879x351,18,Male
CUST-0130,Lisa Holland,darryl72@example.org,(530)685-1806,24,Male
CUST-0131,Nicole Harrison,dwilliams@example.net,500.781.3629,76,Male
CUST-0132,Lindsey Martinez,prattfrank@example.net,001-214-560-9817x10363,45,Male
CUST-0133,Douglas Williams,burnsamber@example.com,563-605-7834,69,Female
CUST-0134,Brandon Norris,candice89@example.net,362.411.7906x505,44,Male
CUST-0135,Jerry Poole,martinjacob@example.net,(337)755-9000,41,Female
CUST-0136,Samuel Walker,weavernicholas@example.net,765-490-4686,32,Male
CUST-0137,Kelly Reid,zramos@example.com,686.782.0184,75,Female
CUST-0138,Mark Miller,brittanybush@example.net,(217)436-6984x8672,60,Female
CUST-0139,Michael Mathis,monica58@example.com,865.558.3598x66341,18,Female
CUST-0140,Barbara Yoder,patrick18@example.org,001-963-685-5274,58,Male
CUST-0141,Ana Torres,mooneyanita@example.org,+1-492-629-6407x0413,57,Male
CUST-0142,Alexis Little,conniewalter@example.net,(885)479-4629x2547,18,Male
CUST-0143,Helen Douglas,troy29@example.org,(831)614-9130x3265,22,Female
CUST-0144,Dr. Steven Jones,nelsondavid@example.com,723-883-2443x0075,59,Female
CUST-0145,Courtney Walker,taylorkelli@example.net,452.230.1437x975,73,Male
CUST-0146,Emma Duarte,dbutler@example.org,+1-218-298-2382x6916,77,Male
CUST-0147,Ronald Mcdaniel,ostanley@example.net,4773903990,37,Female
CUST-0148,Christine Wilcox,calvin55@example.net,001-868-867-8948x33444,39,Male
CUST-0149,Michael Navarro,jefferyrubio@example.org,3564468713,61,Female
CUST-0150,Cole Powell,ucosta@example.org,229.697.2741,67,Male
CUST-0151,Bethany Miller,pclark@example.com,404.774.0817,80,Male
CUST-0152,Amanda Juarez,jose01@example.org,-4149,29,Male
CUST-0153,Matthew Moore,teresaperez@example.net,+1-352-635-9436x0227,77,Male
CUST-0154,Sara Fields,michaelbeck@example.org,(840)509-0590,50,Female
CUST-0155,Matthew Santana,gsmith@example.org,+1-934-430-9030x802,28,Female
CUST-0156,Daisy Jackson,mcguirerichard@example.com,-6201,53,Female
CUST-0157,Michael Guerra,johnmckinney@example.org,246-731-2109x2190,30,Female
CUST-0158,Cassidy Blevins,reeddavid@example.com,8093218032,34,Male
CUST-0159,Jacob Ware,daniel79@example.com,-5139,53,Male
CUST-0160,Jennifer Whitehead,jillpeterson@example.net,8894682385,41,Female
CUST-0161,Kimberly Wood,karen44@example.net,9893699958,60,Male
CUST-0162,Melody Fernandez,zsnyder@example.com,286.528.8203,34,Male
CUST-0163,Janet Morales,ggalvan@example.com,581.693.7487x13794,46,Female
CUST-0164,Diana Kim,kylecook@example.net,(604)324-9326,31,Male
CUST-0165,John Noble,nathanieldiaz@example.com,990.625.8284,56,Female
CUST-0166,Theresa King,jessica67@example.org,(586)773-2526x47268,44,Female
CUST-0167,Carolyn Williams,hodgenancy@example.com,662-611-4012,50,Female
CUST-0168,Andre Rivera,gouldjoseph@example.com,(951)789-1270x135,73,Female
CUST-0169,Daryl Robbins,wattsgregory@example.org,001-518-585-5714x26812,80,Male
CUST-0170,Eric Fuller,fjohnson@example.net,001-933-879-8040x37269,29,Female
CUST-0171,Julie Lamb,suzannebarr@example.net,564.338.8425x18742,56,Female
CUST-0172,Jamie English,osbornmary@example.com,+1-418-412-3609x422,23,Male
CUST-0173,Jessica Strickland,lhall@example.com,2105481384,18,Female
CUST-0174,Mr. Joseph Green,barnettjustin@example.net,(789)469-5357,24,Male
CUST-0175,Joel Conner,lopezsarah@example.org,2992628791,73,Male
CUST-0176,Gregory Jones Jr.,gwilliams@example.com,001-457-260-3018,39,Female
CUST-0177,Carol Mann,jasonwright@example.net,672-443-7834x45926,66,Female
CUST-0178,Joseph Barker,heathergraves@example.org,+1-202-776-2177x298,30,Male
CUST-0179,Eddie Key,ronald71@example.org,258.923.1051,46,Male
CUST-0180,Ronnie Fields,tgomez@example.org,745-749-9435x1519,63,Female
CUST-0181,Sharon Crawford,omason@example.com,622.241.2458,38,Female
CUST-0182,Daniel Smith,bhansen@example.com,260-520-3916x79657,43,Male
CUST-0183,Jacob Frazier,alyssahammond@example.com,254-925-8006x285,64,Female
CUST-0184,Corey Alvarado,kathryn54@example.net,3968783866,30,Male
CUST-0185,Michelle Abbott,qwright@example.net,6117081308,29,Male
CUST-0186,Kelly Ellis,tiffany74@example.org,526.720.7827x2859,51,Female
CUST-0187,Sean Miller,stricklandpeter@example.org,(721)358-2325x95362,76,Male
CUST-0188,Elizabeth Cox,millercody@example.com,001-633-303-0608,51,Female
CUST-0189,Adrian Brown,lisa25@example.com,001-763-840-9421x772,27,Male
CUST-0190,Jean Carson,leslie12@example.net,208.823.3122x242,51,Female
CUST-0191,Ms. Amanda Sellers MD,smithadam@example.com,(427)673-1009x214,25,Female
CUST-0192,Marisa Wilson,richardhoffman@example.org,+1-844-251-4413x1226,55,Female
CUST-0193,Nicole Ward,jeffrey89@example.com,+1-229-808-6073x820,66,Male
CUST-0194,Brenda Smith,wcontreras@example.net,001-358-436-4173,66,Male
CUST-0195,Heather Patterson,danielward@example.org,(707)211-3776,43,Male
CUST-0196,James Olsen,xcopeland@example.org,(553)295-3220x51748,79,Male
CUST-0197,Tanner Barnes,lisa05@example.com,(344)720-0120,23,Female
CUST-0198,Caitlyn Nelson,lbaker@example.org,+1-894-951-2309x843,19,Male
CUST-0199,William Torres,sarahhampton@example.net,+1-972-897-2850x85133,28,Male
CUST-0200,Michael Jones,steven48@example.net,+1-702-296-7140x996,52,Female
CUST-0201,Donna Stokes,ashleymaddox@example.com,815.899.9234x803,26,Male
CUST-0202,Ashlee Davidson,deanjohnson@example.org,-6311,66,Male
CUST-0203,Louis Khan,connersarah@example.net,+1-679-915-0709x979,48,Female
CUST-0204,Terry Bartlett,michaeljames@example.net,5017126940,70,Female
CUST-0205,Justin Decker,jarmstrong@example.com,001-604-792-7726x23746,32,Male
CUST-0206,Michael George,meredith61@example.net,(895)712-9398x4831,20,Female
CUST-0207,Patrick Carroll,sarah29@example.com,001-697-561-2882x7693,71,Male
CUST-0208,Joshua Blackburn,chadjohnson@example.net,754-268-3252x74400,50,Male
CUST-0209,Savannah Rivas,znovak@example.com,001-710-577-0765x1995,45,Male
CUST-0210,Todd Rodgers,kenneth87@example.org,(269)789-5208x166,71,Male
CUST-0211,Dustin Young,frank98@example.com,(933)644-3511x96355,44,Male
CUST-0212,Tony Jackson,nicoleochoa@example.com,443-574-8507x786,54,Female
CUST-0213,Ricky Boyd,xsimpson@example.org,837.606.1744,45,Female
CUST-0214,Carlos Ramos,justinrodriguez@example.com,(603)596-6197,18,Male
CUST-0215,Rachel Williams,dawnadkins@example.com,001-451-221-9341x601,26,Male
CUST-0216,David Holmes,tamara27@example.net,677-884-2806x0902,55,Female
CUST-0217,Dustin Jennings,smithyolanda@example.org,(428)428-0573x084,72,Female
CUST-0218,Dennis Smith,derrickwillis@example.org,+1-808-380-1417x039,36,Female
CUST-0219,Steven Davis,davidburns@example.net,572.213.3486x8297,64,Female
CUST-0220,Kathy Miller,solisrachel@example.com,(905)222-6970,53,Male
CUST-0221,Sarah Wood,gregorydavis@example.com,001-319-809-5124x114,26,Female
CUST-0222,Lauren Gregory,john90@example.net,204-350-2169x546,29,Female
CUST-0223,Ashley Morris,vanessahenry@example.com,(221)612-1421x73400,29,Female
CUST-0224,Edward Small,qfernandez@example.net,279-316-5435x4251,80,Male
CUST-0225,Karen Stanton,andersonbryan@example.com,(357)605-9628x81641,42,Male
CUST-0226,Ricardo Newman,hallgary@example.com,(206)997-3081x9694,70,Male
CUST-0227,Alyssa Dalton MD,zbeard@example.net,767.455.7496x561,79,Female
CUST-0228,Alfred Davis,bestrada@example.com,001-482-872-3852x37426,32,Male
CUST-0229,Rodney Hudson,kayla52@example.org,001-251-906-2114,66,Female
CUST-0230,Marcus Page,ofoster@example.com,001-682-674-0379x60875,54,Male
CUST-0231,Daniel Middleton,ellisjason@example.org,396-275-1978x274,67,Female
CUST-0232,Neil Gross,sextonlisa@example.com,(701)581-6341x53219,63,Female
CUST-0233,Jessica Jones,kennethwilliams@example.com,(937)588-7136x1315,61,Male
CUST-0234,Victoria Wright,cynthiafrank@example.org,542.973.2479x2111,52,Male
CUST-0235,Jennifer Dunn,erinbrown@example.com,502-398-6074,25,Female
CUST-0236,James Myers,aimee79@example.net,6354973804,64,Female
CUST-0237,Jesus Collins,kingcorey@example.net,419-393-5933,64,Female
CUST-0238,Sarah Sexton,gonzalezwilliam@example.net,+1-943-997-2156x28679,55,Female
CUST-0239,Benjamin Goodman,daviskatherine@example.org,(506)506-3120,71,Male
CUST-0240,Lori Gray,angelatownsend@example.org,+1-817-803-3860x12129,76,Female
CUST-0241,Noah Brown,donald32@example.org,716-390-4479,79,Female
CUST-0242,Misty Parker,brandi80@example.com,9634725943,38,Female
CUST-0243,Brenda Wright,lwade@example.org,240.342.7518x457,54,Female
CUST-0244,Deborah Martinez,sandra04@example.net,487.815.0586x441,28,Male
CUST-0245,Virginia Buckley,shawcory@example.com,(695)436-7666x2968,28,Male
CUST-0246,Erik Martinez,jessicamitchell@example.com,+1-630-344-6877x56614,80,Female
CUST-0247,Todd Townsend,williamsdakota@example.net,378-441-0467x655,57,Female
CUST-0248,Christopher Clark,sarah49@example.com,(341)756-9203x003,71,Female
CUST-0249,Paul Ewing,wilsonkevin@example.com,859-625-3072,25,Male
CUST-0250,Alexis Smith,jamielee@example.org,001-539-811-4841x9773,39,Male
CUST-0251,Julie Haynes,garciajohn@example.org,677-696-4403x2029,64,Male
CUST-0252,Joseph Dunn,gbarnes@example.net,724.414.4397,32,Female
CUST-0253,Alisha Bryant,rosecook@example.com,001-862-664-6896x1169,52,Male
CUST-0254,Donald Price,rebekah57@example.org,524.443.9253x397,54,Female
CUST-0255,Terri Allen,lisa33@example.com,368-286-9898x48149,79,Female
CUST-0256,Scott Cross,lopezamanda@example.org,+1-654-698-9312x738,46,Female
CUST-0257,Kent Robinson,smithbrian@example.org,(950)786-4326x3250,79,Male
CUST-0258,Theodore Lloyd,chelsea73@example.org,3163901628,71,Male
CUST-0259,Rebecca Ellis,carolyncollier@example.com,001-783-438-4662,26,Male
CUST-0260,David Harris,harrisondanielle@example.org,001-581-647-1862,58,Male
CUST-0261,Charles Lawson,michael36@example.net,001-670-710-9077x254,43,Female
CUST-0262,Amy Ruiz,afuentes@example.net,2072080161,39,Female
CUST-0263,Bryan Henderson,herrerapatricia@example.net,(338)667-6239x771,46,Female
CUST-0264,Janet Clark,asavage@example.net,8635928527,77,Female
CUST-0265,Bonnie Ruiz,blackwellrussell@example.com,(351)698-8996x14504,24,Female
CUST-0266,Madison Lyons,micheal87@example.org,(539)745-4797x9431,46,Male
CUST-0267,Denise Weber,christopher94@example.com,001-246-432-4100x15415,74,Male
CUST-0268,Christian Johnson,delgadolaura@example.org,(973)718-2814x9827,39,Male
CUST-0269,Norman Rosales,jennifercampbell@example.com,7757804890,48,Female
CUST-0270,George Case,cindyortiz@example.org,+1-305-459-9831x899,78,Male
CUST-0271,Renee Day,landerson@example.com,001-408-991-1645,62,Male
CUST-0272,Mrs. Victoria Taylor DVM,lindanichols@example.com,+1-569-661-5764x87859,20,Male
CUST-0273,Laura Camacho,newtonjeffrey@example.com,5623365276,72,Female
CUST-0274,Steven Schroeder,qmiller@example.com,595-796-6695x821,64,Male
CUST-0275,Rodney Reed,danielfernandez@example.com,+1-572-857-0578x318,78,Male
CUST-0276,Brian Miller,zacharyvaughan@example.org,001-483-306-6046x2924,51,Male
CUST-0277,Debbie Washington,troyharris@example.net,785.450.5620x829,37,Female
CUST-0278,Gregory Lynn,toddpotter@example.com,763-808-9714,74,Female
CUST-0279,Jennifer Jones,vchandler@example.net,001-439-584-7202x0770,23,Female
CUST-0280,Alan Davis,athompson@example.org,(842)424-6654,58,Female
CUST-0281,Elizabeth Harmon,mark97@example.com,895-723-8478,19,Female
CUST-0282,Malik Day,colemanjustin@example.com,001-270-521-5813,74,Male
CUST-0283,James Santos,gomezsamuel@example.net,(238)744-1241x8122,50,Male
CUST-0284,Jennifer Patel MD,russellmark@example.org,735-860-4844x684,48,Female
CUST-0285,Benjamin Mcdaniel,thomas68@example.com,(780)279-6597x7802,41,Male
CUST-0286,Matthew Lopez,fishercynthia@example.net,(531)216-0892x0468,63,Female
CUST-0287,Vicki Sweeney,carrie17@example.com,968-964-7772x53824,51,Male
CUST-0288,Kathy Summers,vwashington@example.com,722-369-4057,64,Male
CUST-0289,Joshua Olson,lynnchapman@example.net,520-876-1821x579,26,Male
CUST-0290,Tina Hayes,justinporter@example.net,(549)567-7292,76,Male
CUST-0291,Luis Stone,laurahopkins@example.net,+1-724-282-4378x59311,71,Male
CUST-0292,Erin Hodges,ryan14@example.net,485-772-1673x8809,76,Female
CUST-0293,Jason Butler,smithtina@example.org,001-208-508-6822,26,Female
CUST-0294,Steven Griffith,wilsondanielle@example.org,001-590-444-5837x6098,74,Male
CUST-0295,William Le,fproctor@example.net,-9759,73,Male
CUST-0296,Hailey James,marywilliams@example.com,001-836-424-6735x76500,32,Female
CUST-0297,Barbara Taylor DDS,gutierrezangela@example.com,(525)894-1887x33784,32,Male
CUST-0298,Christopher Dillon,nielsensergio@example.com,200.915.3095x91494,65,Male
CUST-0299,Monique Miller,deleonjoshua@example.com,+1-678-617-1237x748,52,Male
CUST-0300,Laura Tucker,freemanstephen@example.org,+1-384-860-5960x05332,68,Male
CUST-0301,Bryan Chen,shannontaylor@example.com,(967)490-0763x617,31,Female
CUST-0302,Laura Bennett,dwilliams@example.com,+1-603-653-6052x20805,75,Male
CUST-0303,Christopher Brown,iangonzalez@example.com,+1-543-245-9383x7573,36,Male
CUST-0304,Ashley Horton,randyreilly@example.com,(768)423-5330x07083,18,Male
CUST-0305,Michael Frye,mercercourtney@example.com,965.442.6416x713,41,Female
CUST-0306,Edward Frank,wvasquez@example.org,696.294.0841x865,78,Female
CUST-0307,Amy Roberts,tylerdavis@example.net,962.842.5382x81243,25,Female
CUST-0308,Timothy Estrada,breannahicks@example.com,(919)206-1028x33400,22,Female
CUST-0309,Cathy Adams,christopher26@example.org,6479912073,18,Male
CUST-0310,Jessica Daniel,williamtran@example.org,961.725.5626x87236,44,Female
CUST-0311,Stacy Davis,washingtonjohn@example.com,985.269.0582x5247,31,Female
CUST-0312,Charles Ramos,thomas69@example.org,367.706.1065,37,Male
CUST-0313,Tracy Delacruz,millerbrett@example.com,567.553.8549,75,Female
CUST-0314,Lisa Berry,codyperez@example.com,4399720570,39,Male
CUST-0315,Joseph Wilson,michael78@example.org,456.936.7040x3996,67,Female
CUST-0316,Michael Atkinson,thomas86@example.org,638-814-3628,27,Female
CUST-0317,Robert Weber,aclark@example.com,766-658-2278,46,Female
CUST-0318,Erin Gonzalez,michael14@example.com,(268)953-5608x215,47,Male
CUST-0319,Johnny Jones,markabbott@example.org,803.311.3105,49,Female
CUST-0320,William Cobb,amanda86@example.org,(433)930-4547,66,Female
CUST-0321,Kimberly Mata,yjohnson@example.net,413.217.8159,23,Male
CUST-0322,Lauren Daniels,usmith@example.org,+1-604-701-2653x17831,76,Male
CUST-0323,Bobby Salazar,michelle28@example.org,+1-205-336-9711x7211,47,Male
CUST-0324,Cody Carter,david78@example.com,3656696999,55,Female
CUST-0325,Jennifer Mcdonald,gburton@example.com,001-857-275-2341,59,Male
CUST-0326,Jordan Sweeney,ophillips@example.com,+1-884-268-4937x7443,73,Female
CUST-0327,Ashley James,waterskaren@example.net,001-696-407-3897x381,79,Female
CUST-0328,Tammy Smith,rhonda06@example.com,+1-623-595-1014x144,71,Female
CUST-0329,Shawn Williams,melissahunter@example.org,511.920.6908x642,64,Female
CUST-0330,Maria Williams,gdaniels@example.net,(516)239-0909,47,Female
CUST-0331,Debbie Burton,johnheath@example.net,370.709.4860,43,Male
CUST-0332,Beth Lewis,stacy28@example.net,849-949-2668x95208,72,Male
CUST-0333,Austin Myers,kellymartinez@example.net,935-446-9501,56,Female
CUST-0334,Mary Campbell,james85@example.org,690-957-2405,41,Female
CUST-0335,Anthony Gibbs,joseph58@example.net,633.344.6714x407,55,Female
CUST-0336,Taylor Brewer,matthewsmark@example.com,889-991-9161x224,75,Female
CUST-0337,Melvin Simpson,kenneth25@example.net,899.453.8504,80,Female
CUST-0338,Edward Watson,barbaraschneider@example.com,-9852,50,Male
CUST-0339,Sara Chapman,medinaemily@example.net,001-330-656-5796,48,Male
CUST-0340,Dr. Stacy Gilmore,nicolas97@example.org,(877)442-4345,80,Female
CUST-0341,Beth Blair,kennethpittman@example.org,-10509,24,Male
CUST-0342,John Spencer,samuelfisher@example.net,575.363.0026x073,28,Male
CUST-0343,Joe Le,pedrocox@example.net,6225388299,23,Male
CUST-0344,Tammy Miller,imurphy@example.org,467.518.9526,73,Male
CUST-0345,Deborah Crawford,ejames@example.net,001-418-521-1108x62584,28,Female
CUST-0346,Cynthia Fields,zortega@example.net,604-755-5996,33,Male
CUST-0347,Dennis Elliott,jason87@example.org,(328)825-1471,54,Female
CUST-0348,Nicole Hudson,pattonjoseph@example.net,+1-366-360-8018x47853,76,Female
CUST-0349,James Mitchell,lopezlaura@example.net,2946834171,59,Female
CUST-0350,Dr. Eric Vargas,jodimurphy@example.org,(445)504-1719x14506,49,Male
CUST-0351,Jennifer Hughes,jeremy03@example.org,+1-800-404-2762x2569,52,Male
CUST-0352,Michael Murray,angelaroberts@example.com,313-497-9073x8687,18,Male
CUST-0353,Allen Payne,jonathan16@example.net,(466)681-0277,75,Female
CUST-0354,Joann Warren,millerdeborah@example.org,946-441-4529x6168,75,Male
CUST-0355,Gregory Alvarez,vpatterson@example.net,+1-499-692-7832x55190,59,Male
CUST-0356,Michael Michael,jonesbrianna@example.com,001-345-921-6531x9633,37,Female
CUST-0357,Ryan Hall,libryan@example.net,+1-831-927-2831x9859,65,Male
CUST-0358,Phyllis Lawson,jameswest@example.net,(331)551-4244,33,Female
CUST-0359,Shaun Brown,donnahorton@example.net,630.595.5592,35,Male
CUST-0360,Bradley Pugh,davidalvarez@example.net,(661)439-7773x97810,63,Male
CUST-0361,Kevin Martin,wilkinsonsean@example.org,614.862.6571,62,Female
CUST-0362,Tracy Schaefer MD,heathjanice@example.org,001-485-608-5577x115,31,Female
CUST-0363,Lindsay Anderson,ztorres@example.com,(212)748-4806x4247,20,Male
CUST-0364,Jonathan Hughes,jthomas@example.org,299.886.1041,37,Male
CUST-0365,George Melton,jessicaharrison@example.com,001-201-975-4977x0169,31,Male
CUST-0366,Victoria Hanna,stephengeorge@example.com,001-768-764-4348x85849,44,Female
CUST-0367,Christine Peters,eugeneroberts@example.org,(296)544-4503,67,Male
CUST-0368,Julian Smith,williamsronald@example.com,9948443962,67,Male
CUST-0369,Roger Ortega,pescobar@example.net,288-558-1888,44,Female
CUST-0370,Aaron Aguilar,tammy09@example.org,3223371212,67,Male
CUST-0371,Ryan Garza,thomascunningham@example.net,586-348-4156,60,Male
CUST-0372,Natasha Taylor,butlermark@example.com,272-964-3051x6353,78,Female
CUST-0373,Sara Kent,ian58@example.com,602-468-5412,58,Male
CUST-0374,Howard Lee,qroach@example.com,-2391,73,Female
CUST-0375,Lawrence Johnson,clopez@example.org,-5813,71,Male
CUST-0376,Christine Wolfe,hunter57@example.org,(376)744-2619,76,Female
CUST-0377,Sheila Allen,gina59@example.com,236.795.6364x706,53,Male
CUST-0378,Lynn Johnson,raymondhopkins@example.org,+1-720-681-9294x081,25,Male
CUST-0379,Kevin Bryant,warethomas@example.net,239.775.3323,61,Female
CUST-0380,Jeffrey Floyd,randy94@example.org,922.966.2534x46667,30,Female
CUST-0381,Jane Caldwell,beasleykatie@example.net,001-564-645-8411x7861,32,Female
CUST-0382,Rachel Ward,cheryllandry@example.net,+1-213-702-4493x87490,38,Male
CUST-0383,Mario Li,moorejohn@example.org,(340)948-4344,63,Female
CUST-0384,John Allen,bmurray@example.org,+1-720-627-5333x47701,75,Male
CUST-0385,David Kennedy,andreafloyd@example.org,288.457.8643,59,Male
CUST-0386,Nicholas Harris,gandrews@example.com,379.674.7849,57,Female
CUST-0387,Julie Smith,kimberly73@example.com,(869)833-9290,23,Male
CUST-0388,Monique Martin,david01@example.com,(322)548-1906x863,72,Male
CUST-0389,Megan Curtis,alicia70@example.org,544-548-5967x8488,61,Male
CUST-0390,Jennifer Rodriguez,owensderrick@example.org,001-256-967-6573x2751,76,Female
CUST-0391,Amanda Robinson,johnsonkaren@example.org,001-746-500-3432x4253,75,Male
CUST-0392,Amber Cantu,duarteantonio@example.net,790.961.6762,64,Male
CUST-0393,Michael Stanton,lindajohnson@example.org,+1-426-557-8744x5284,56,Male
CUST-0394,Shawn Thompson,hallseth@example.com,561.260.3138x72159,72,Male
CUST-0395,Alison Smith,lstewart@example.org,364.428.1795,35,Male
CUST-0396,Joseph Nichols,ievans@example.org,(948)331-8211,29,Female
CUST-0397,Christopher Weiss,catherinepruitt@example.net,253.455.4006,57,Male
CUST-0398,Shaun Buchanan DVM,mauricejones@example.com,001-532-568-0503x12328,28,Female
CUST-0399,Taylor Castillo,jjohnson@example.org,-4337,22,Female
CUST-0400,William Hahn,mcguirematthew@example.net,001-476-663-8290x4522,71,Female
CUST-0401,Kimberly Bell,fostersheryl@example.net,+1-890-503-0287x705,38,Female
CUST-0402,Jean Jackson,areyes@example.net,6888650248,75,Female
CUST-0403,John Adams,harrismadison@example.net,583.313.3698x04460,25,Male
CUST-0404,Lindsey Mack,qhawkins@example.com,511.275.3390,74,Male
CUST-0405,Mark Barry,lisa69@example.net,(667)916-6999x3070,27,Male
CUST-0406,Michaela Parker,justin51@example.com,001-932-492-1280x5324,62,Male
CUST-0407,Brenda Johnson,mark22@example.org,586-301-1815x6447,61,Male
CUST-0408,Jesse Lee,acruz@example.net,(276)453-9391,23,Male
CUST-0409,Bryan Bolton,lpeters@example.org,7985043596,70,Male
CUST-0410,Alexander Cortez,lisaaustin@example.net,001-581-340-4481x65084,48,Female
CUST-0411,Cindy Tanner,justinhenderson@example.net,+1-902-985-0429x07381,56,Male
CUST-0412,Melissa Davidson,shannoncastro@example.org,+1-926-340-5556x989,48,Male
CUST-0413,Jack Watts,aduncan@example.net,001-498-220-1749x0306,44,Female
CUST-0414,Cody Hebert,yangmark@example.com,001-444-273-0403x90357,69,Male
CUST-0415,Eric Sheppard,christophertaylor@example.com,872.760.4106x3114,24,Female
CUST-0416,Carrie Solis,cynthiacervantes@example.org,001-512-701-3052x3351,73,Female
CUST-0417,Lisa Wagner,ybrown@example.org,001-444-900-5616x071,71,Female
CUST-0418,Johnathan Sanchez,anthonysmith@example.org,+1-512-871-7293x81032,60,Female
CUST-0419,Patricia Sherman,robert84@example.com,348.929.1676x8648,54,Male
CUST-0420,Leonard Shelton,michael55@example.net,6264869733,58,Male
CUST-0421,Autumn Simpson,jacksonbrian@example.com,759-851-7116x367,23,Male
CUST-0422,Shelley Ward,campbelllee@example.net,+1-243-262-2523x1640,32,Female
CUST-0423,Jeremy Bradley,kristin25@example.com,228-862-5015x8041,47,Female
CUST-0424,Benjamin Eaton,william60@example.net,-10399,58,Female
CUST-0425,Richard Leblanc,kelly19@example.org,836.397.9318,30,Female
CUST-0426,Steven Blair,russellalvarado@example.net,952.870.7225x52931,77,Male
CUST-0427,Mr. Andrew Page,wchavez@example.net,663-290-2639,46,Male
CUST-0428,Thomas Proctor,wfreeman@example.net,507.411.9467x56396,79,Male
CUST-0429,Megan Gaines,rali@example.net,776.694.2914x024,38,Female
CUST-0430,Tracy Richardson,xhowe@example.org,931-982-7817,56,Male
CUST-0431,Cole White,ewagner@example.org,-7690,25,Female
CUST-0432,Catherine Garcia,pdawson@example.net,001-435-589-5008x019,38,Female
CUST-0433,Drew Smith,carolyn20@example.net,234.645.2935,71,Female
CUST-0434,Shelby Eaton,gritter@example.org,001-828-930-7544,20,Male
CUST-0435,Shirley White,bullockvictor@example.com,5745716846,53,Female
CUST-0436,Karen Reeves,johnsonjasmine@example.net,+1-585-202-5411x721,37,Female
CUST-0437,Kendra Collins,carlsonlaura@example.net,730.432.1248x5860,42,Female
CUST-0438,Leslie Hill,rachael17@example.com,261-353-1371x7199,27,Male
CUST-0439,Kayla Neal,wgonzalez@example.org,380-653-4552,70,Male
CUST-0440,Olivia Bentley,edwin67@example.net,(461)524-0101,44,Male
CUST-0441,Cory Stevenson,ocarson@example.net,+1-409-957-5723x3724,22,Female
CUST-0442,Christopher Nunez,george86@example.net,+1-643-208-5786x547,78,Male
CUST-0443,Donna Peterson,alvaradomaurice@example.com,9677598503,30,Male
CUST-0444,David Clark,lisa80@example.com,895.934.1428x532,21,Female
CUST-0445,Robert Mitchell,maddencourtney@example.com,(516)235-7847x6593,39,Female
CUST-0446,Laura Fisher,mary62@example.com,001-376-594-6620x534,28,Male
CUST-0447,Brenda Jackson,bharris@example.org,306.676.3390x21844,62,Female
CUST-0448,Edwin Houston,susan46@example.org,(783)378-8168x291,18,Female
CUST-0449,James Martin,carolynmoore@example.org,(851)750-3762x730,38,Female
CUST-0450,Thomas Stephens,brittanyli@example.org,001-639-773-5255x45174,77,Male
CUST-0451,Joseph Garcia,chunter@example.net,6713692607,22,Male
CUST-0452,Cody Price,william97@example.net,955-738-7022x42302,63,Male
CUST-0453,Joseph Bishop,mspencer@example.com,543.669.2674x8077,36,Male
CUST-0454,John Brown,ruben65@example.org,2448179724,20,Female
CUST-0455,Christine Williams,smithsteven@example.com,9642297882,43,Male
CUST-0456,Karen Reyes,chloeroberts@example.com,584.404.9832x0006,37,Male
CUST-0457,Peter Williams,kevincole@example.net,001-657-512-1485,45,Female
CUST-0458,Cheryl Day,lthompson@example.com,619.867.2412,32,Female
CUST-0459,Patricia Brewer,tiffany27@example.net,747-705-3105x5410,61,Male
CUST-0460,Mariah Mcclure,harrisroger@example.org,+1-773-668-3125x6817,52,Female
CUST-0461,Tami Rogers,lisa99@example.net,589-635-9286,45,Female
CUST-0462,Steven Morris,sjohnson@example.com,4013637982,79,Female
CUST-0463,Annette Henry,osbornecourtney@example.net,833.648.1839x385,19,Male
CUST-0464,Linda Taylor,michelemiller@example.com,684-936-3643x812,38,Female
CUST-0465,Timothy Miller,hickssheila@example.net,(421)888-4944,28,Female
CUST-0466,Julie Jones,jessicacook@example.net,511-823-0453x47540,31,Female
CUST-0467,Karen Sanchez,lori46@example.org,(814)824-0512,66,Female
CUST-0468,William Reyes,edwardburton@example.net,(753)310-5632x609,79,Female
CUST-0469,John Wilson,zmills@example.org,(505)402-5497x07555,41,Female
CUST-0470,Dalton Torres,kylejackson@example.net,3294058468,22,Female
CUST-0471,Leslie Miller,daviswilliam@example.net,+1-304-464-5725x6356,67,Female
CUST-0472,Ann Chavez,turnerdaniel@example.net,(938)943-7554,41,Male
CUST-0473,Richard Rivera,irwindevin@example.com,(985)769-0168,75,Male
CUST-0474,Bryan Hall,yesenia65@example.org,432-321-5753x378,37,Male
CUST-0475,Aaron Walker,pmccall@example.net,201-881-4286x6880,42,Male
CUST-0476,Derrick Harrington,wrightwilliam@example.org,719-343-5883x07458,61,Female
CUST-0477,Stephanie Mccormick,morganthomas@example.org,+1-560-386-2456x73301,62,Male
CUST-0478,Gina Cook,masonjamie@example.net,7342902684,70,Female
CUST-0479,Anthony Woods,heidi33@example.com,849-466-3974x4960,40,Male
CUST-0480,Matthew Moreno,vcooper@example.org,8053352844,48,Male
CUST-0481,Andrew Cruz,matthewmiller@example.com,4399848996,79,Male
CUST-0482,Brent Figueroa,garciakatherine@example.com,(263)918-1649x41429,76,Male
CUST-0483,Kim Contreras,michelleford@example.org,+1-492-500-6144x08506,35,Female
CUST-0484,Michael Martin,stevensmelissa@example.org,324.950.8290x642,53,Male
CUST-0485,Michael Rogers,robert81@example.net,+1-696-525-6841x5421,72,Male
CUST-0486,Miss Shannon Smith DVM,austinmorrison@example.com,606.673.7541,28,Female
CUST-0487,James Boyd,esanchez@example.com,775-492-4700,36,Female
CUST-0488,Anthony Mcclure,omar03@example.org,704.361.6571,70,Female
CUST-0489,Katrina Ross,ynelson@example.org,001-843-501-0691x4307,78,Female
CUST-0490,John Whitaker,hannah99@example.com,7547422747,34,Male
CUST-0491,Alexandra Allison,timothy71@example.com,+1-212-666-9189x06833,20,Female
CUST-0492,Nathan Stevens,bshepherd@example.net,246-211-0871x429,18,Male
CUST-0493,Shelley Wilson,nwilliams@example.net,001-332-585-1718,59,Female
CUST-0494,Linda Howell,alvarezchristy@example.com,738.548.4558x0843,49,Male
CUST-0495,Dr. Jessica Robinson,jenniferbowers@example.com,878.447.4585,60,Female
CUST-0496,Erik Schroeder,kevin85@example.com,546-767-3552,67,Female
CUST-0497,Dalton Curtis,josephmercer@example.org,001-407-936-9984,36,Female
CUST-0498,Paul Kent,arnoldkylie@example.net,684-586-9185x17211,72,Male
CUST-0499,Stephanie Harris,christopher70@example.com,660.509.0428,78,Male
CUST-0500,Angela Hernandez,qdelgado@example.org,001-324-369-4260x5381,53,Male
